Playlist Id,Channel Id,Time Created,Time Updated,Title,Description,Visibility
LLESRr5AcpTjz4u8Zej0f89g,UCESRr5AcpTjz4u8Zej0f89g,2014-12-01 04:03:07 UTC,2022-06-06 16:51:35 UTC,Liked videos,,Private

Video Id,Time Added
OaGuo9ffZlE,2022-06-06 16:51:35 UTC
5YvAwJ0U0qg,2022-05-31 22:33:37 UTC
FQ4hvLqNfqo,2022-03-27 14:40:56 UTC
VNZ0so0LCoM,2022-03-27 13:40:20 UTC
1I1vxu5qIUM,2022-02-18 14:35:50 UTC
cGYyOY4XaFs,2022-01-10 18:07:38 UTC
CgCrr4Xxvc8,2022-01-06 18:07:33 UTC
s3YTfhJmh1I,2021-12-09 06:01:59 UTC
TTHazQeM8v8,2021-11-26 06:16:19 UTC
ThDYazipjSI,2021-11-20 06:13:51 UTC
XmlHNAzZYeY,2021-11-17 14:12:55 UTC
3DhNjtLivdg,2021-11-15 20:55:17 UTC
xo-Qt2mkjQs,2021-10-07 18:12:50 UTC
vrxwXXytEuI,2021-07-18 16:27:25 UTC
_vcGF3HqZXg,2021-06-15 13:44:22 UTC
JC1W26IWB3A,2021-05-13 02:00:26 UTC
6GgZo5OjDpE,2021-05-11 02:40:35 UTC
2x3Ie6VZ_sg,2021-04-21 21:24:44 UTC
Vinqph-g5QI,2021-03-16 02:24:20 UTC
-16DQCNTF5U,2021-02-18 22:11:29 UTC
ylpAHvPlafc,2021-02-13 19:30:43 UTC
c7j644JZWPQ,2021-01-22 17:34:34 UTC
kl9Q7S_rxI8,2020-11-21 18:46:11 UTC
Lg-nUy2DalM,2020-11-20 16:00:24 UTC
iTWOXRCyOY4,2020-10-14 04:54:29 UTC
gOePWdODfuo,2020-09-28 17:30:05 UTC
DDEslyChV-s,2020-09-28 16:45:23 UTC
AX5AGQiNKg0,2020-09-28 02:04:27 UTC
9mQhrrVpNSU,2020-09-20 13:57:09 UTC
1I0w0vUTIQA,2020-09-02 03:02:10 UTC
pkTbIJF1crU,2020-08-20 03:35:54 UTC
_yaOtGoSoek,2020-08-19 07:09:40 UTC
pN1uoTchYsg,2020-08-18 23:27:53 UTC
2wgMggYq0JY,2020-08-09 16:14:33 UTC
BxHS3GGWIsc,2020-06-26 14:42:32 UTC
WM8n8oZHdC0,2020-06-07 20:53:58 UTC
ZfG-5TZ7MRo,2020-04-07 07:10:20 UTC
92JgZns8cfI,2020-04-05 19:29:16 UTC
I0kVNMHo6fQ,2020-03-31 22:23:13 UTC
WJ3-F02-F_Y,2020-03-31 22:05:00 UTC
uq7xjT_1K4E,2020-03-30 19:55:08 UTC
gxAaO2rsdIs,2020-03-30 19:43:24 UTC
ecT42O6I_WI,2020-03-29 03:06:03 UTC
YEiKLOI2gcg,2020-03-28 16:37:29 UTC
llslyXPu6wI,2020-03-19 16:02:54 UTC
412rjcZ44Rk,2020-01-23 06:47:40 UTC
bS4Q-WWyl3Q,2020-01-13 16:36:50 UTC
zSZd2PhwG7Q,2020-01-04 08:00:22 UTC
TajLLagY5Lw,2020-01-01 18:34:39 UTC
Y3HPkXHxS_s,2019-12-30 16:33:50 UTC
7dz4Hlssw8s,2019-12-14 17:24:05 UTC
O1JMdjnn0ao,2019-10-29 19:02:16 UTC
rljkNMySmuM,2019-10-29 18:05:28 UTC
ZEw8c6TmzGg,2019-09-16 17:14:54 UTC
PHe0bXAIuk0,2019-09-16 06:02:43 UTC
9gUcx45ryT0,2019-08-12 15:27:54 UTC
AHX6tHdQGiQ,2019-06-23 07:11:18 UTC
wvzceRiVhec,2019-06-23 06:43:17 UTC
pKMgr8uNvGM,2019-06-22 15:45:43 UTC
Uxz9hlFnr9U,2019-06-11 14:25:18 UTC
HbgzrKJvDRw,2019-05-28 16:37:52 UTC
MnnoIL9DUps,2019-05-23 06:10:08 UTC
4x5Y62g4UhI,2019-05-22 16:08:28 UTC
s_xwl1k7Wxg,2019-05-16 15:37:05 UTC
OA8aw07dpg0,2019-05-16 03:33:40 UTC
Rxt9PWNUxzQ,2019-05-15 17:36:05 UTC
mxRgVtbZQYM,2019-05-11 17:46:01 UTC
_1hxljJhi9M,2019-05-11 14:54:27 UTC
0RtCDxNrlG0,2019-05-10 06:01:38 UTC
AD6YTTb5WQY,2019-04-24 20:31:07 UTC
GDYSHg-uAEY,2019-04-16 06:19:19 UTC
ucg3aIyHVSg,2019-03-18 17:45:09 UTC
yfw6ePnIGU4,2019-02-16 04:23:37 UTC
U5urvAW560w,2019-02-03 16:09:50 UTC
Wl-ly0G99Uc,2019-01-31 15:46:54 UTC
nC-_vchwL_0,2019-01-09 21:25:44 UTC
PdN7T_OzAKw,2019-01-09 20:00:34 UTC
mvK0UzFNw1Q,2019-01-02 19:08:40 UTC
4CZe92oey9Y,2018-12-30 20:00:56 UTC
hC8CH0Z3L54,2018-12-21 06:56:00 UTC
_EDutH_G1E8,2018-12-14 05:59:16 UTC
dincmfngE-w,2018-10-24 14:07:06 UTC
 -eVxuReNQ4E,2018-10-24 13:55:23 UTC
fPzAABMozs0,2018-10-24 00:12:30 UTC
1AUJctaLmKE,2018-10-12 16:58:07 UTC
QqSGON2C11s,2018-10-11 16:47:08 UTC
rpwd5OmR1Hg,2018-10-08 13:29:24 UTC
cZYNADOHhVY,2018-09-26 14:02:58 UTC
abRsOlLQxNk,2018-08-13 21:22:15 UTC
B57w8OPRol0,2018-07-26 19:36:31 UTC
sbim2kGwhpc,2018-06-13 17:07:57 UTC
UHaNO_JD7JQ,2018-06-11 18:23:11 UTC
bNF8pRIAGRQ,2018-05-09 05:32:44 UTC
7xkXQQQ1amY,2018-04-25 04:26:30 UTC
yY7iGa4t9-I,2018-04-25 03:12:37 UTC
hjf-h6NMj7U,2018-04-23 02:17:12 UTC
tPknUfwVcc0,2018-04-06 17:22:26 UTC
NxIILbNMTHY,2018-03-12 01:16:30 UTC
_KYq3QHYUGw,2018-02-26 23:23:59 UTC
DQA_1gwBqeY,2018-02-26 23:23:03 UTC
q7IxWpgHyXs,2018-02-23 18:27:52 UTC
v0nzMzSeuEM,2017-12-15 03:43:16 UTC
G3e6CN9uMIU,2017-12-10 07:18:47 UTC
HEfS75YMUFA,2017-09-27 05:17:30 UTC
Nl6SY7vgvsw,2017-09-26 15:15:25 UTC
XM23h-eJ08A,2017-09-26 00:30:39 UTC
7R2DwvuSxdw,2017-08-08 03:41:52 UTC
fBT_oHYDr9Q,2017-05-24 23:28:33 UTC
YJ1Tt1zSyH4,2017-05-24 23:21:44 UTC
LVqf7ArLBXs,2017-05-24 23:13:20 UTC
Ws2T3MZczn8,2017-04-20 02:01:42 UTC
sRJ4R9UYLz8,2017-04-17 15:22:00 UTC
kp9982-QlGY,2017-04-17 15:16:30 UTC
V_wCwTdaGyo,2017-04-17 14:44:15 UTC
VqBMjfA85aQ,2017-04-17 14:40:20 UTC
ItrsxKsSDtI,2017-04-17 14:37:32 UTC
fzQ6gRAEoy0,2017-04-05 16:32:29 UTC
O5QZKCoLovw,2017-04-05 15:58:00 UTC
7k90mjXqMe8,2017-04-05 15:56:08 UTC
mw9mbPXSuCA,2017-04-05 15:52:29 UTC
YktcaFQoRDQ,2017-04-05 15:52:23 UTC
ODzlStLqfFs,2017-04-04 17:10:19 UTC
w9pW7PpypMU,2017-04-04 16:52:46 UTC
 -buQSp6wOMc,2017-03-13 08:14:30 UTC
L0LcFV33Shs,2017-03-11 05:14:24 UTC
aqLgV3sRx2Y,2017-02-07 01:26:35 UTC
V00tr9TdFgc,2017-01-25 18:55:40 UTC
CRLLWNIqb8w,2017-01-19 22:29:23 UTC
T-EdtWpfiPI,2017-01-19 06:29:14 UTC
bzJDimvPW1Y,2016-09-01 04:44:10 UTC
4DGe4RtPmWw,2016-09-01 04:44:02 UTC
rp7a_vzWPsA,2016-06-09 06:42:56 UTC
47L9scW49nc,2016-05-25 12:51:14 UTC
E1WOTfCc05E,2016-05-24 21:52:16 UTC
t_b7dekpA7E,2016-05-15 19:35:37 UTC
xfqRlJ1uN9w,2016-05-13 02:56:53 UTC
esOpx7ybPt8,2016-05-13 02:50:31 UTC
fPJkJ2iQPT8,2016-05-01 13:45:36 UTC
8A7qmGiFftY,2016-05-01 13:31:00 UTC
TDWSDdOsx6M,2016-05-01 13:27:52 UTC
vKH-rcO6PA8,2015-12-29 06:00:06 UTC
rjLJIVoQxz4,2015-07-04 06:15:28 UTC
sY4BWaXbt70,2015-04-27 04:50:59 UTC
K9vjpWtgvNo,2014-12-01 04:03:07 UTC

