Playlist Id,Channel Id,Time Created,Time Updated,Title,Description,Visibility
PLTQ8BNn3_D4f7NyrEq8z0EQCwqwRm3V3o,UCESRr5AcpTjz4u8Zej0f89g,2013-04-19 00:16:19 UTC,2022-06-09 03:15:09 UTC,Watch later,,Private

Video Id,Time Added
jCWADjUA9iI,2021-05-07 04:38:44 UTC
zrCNGzwLjcU,2021-06-10 13:16:13 UTC
paUSXWMboxM,2021-06-25 13:38:21 UTC
89Vpqm2IaPE,2021-06-26 00:19:20 UTC
6JwEYamjXpA,2021-07-15 06:55:57 UTC
RW2zHvVO09g,2021-07-24 05:09:00 UTC
uedPl9vGt4c,2021-08-01 13:52:12 UTC
wWe0XLVkkuM,2021-08-02 04:40:34 UTC
5OlSZ3m5vLo,2021-08-05 17:10:53 UTC
Ml3-kVYLNr8,2021-08-17 12:29:02 UTC
Nz-vWYM-2Gw,2021-09-05 15:54:22 UTC
aPkQ57cXrPA,2021-09-11 16:31:52 UTC
n6lRdH1EzIo,2021-09-14 01:14:05 UTC
LFB-ZhKAPPw,2021-10-20 17:08:22 UTC
dp1mMGaI9uw,2021-10-20 17:08:31 UTC
z1Lw3yI4avc,2021-11-02 13:55:24 UTC
syP-OtdCIho,2021-12-31 07:00:30 UTC
6TDJRRQ16xA,2021-12-31 16:43:59 UTC
Ez9Q60EIxXc,2022-01-02 14:53:09 UTC
m9Njk8vpToQ,2022-01-02 21:14:03 UTC
iM6LSUpanmg,2022-01-21 02:50:04 UTC
ST6kj9OEYf0,2022-01-21 06:34:58 UTC
y8wBjH8aXw4,2022-01-28 20:12:30 UTC
94yh1GIwiko,2022-02-18 06:32:15 UTC
MvUa_GxkBAE,2022-02-21 17:13:03 UTC
mr5bOhyn8Ic,2022-02-21 17:13:22 UTC
iRHQMOSVJA0,2022-02-21 17:13:29 UTC
v5BcXZ08z5E,2022-02-23 05:16:54 UTC
pZKuwgcKXwY,2022-02-23 05:44:23 UTC
di2FM8WZI5E,2022-03-03 18:26:42 UTC
xC6J4T_hUKg,2022-03-23 23:39:53 UTC
mXsFQDnqxBs,2022-03-27 19:17:13 UTC
Qi9ys2j1ncg,2022-04-18 03:20:07 UTC
MW5_nJYSKyk,2022-04-18 21:21:23 UTC
pRTU6IEepPM,2022-04-19 03:56:17 UTC
X9hl-Q4JhMk,2022-04-21 22:36:18 UTC
25h0sE_IK-o,2022-04-21 22:36:29 UTC
UrqqpUQtFwc,2022-05-09 03:01:39 UTC
wuiyM9hX0Vg,2022-05-09 12:10:14 UTC
OhbqinQsWTc,2022-05-16 03:02:33 UTC
oU5gasRxYdU,2022-05-16 12:56:23 UTC
WlH3S-uLTIw,2022-05-17 04:22:39 UTC
xNc-xhH8kkk,2022-06-01 18:35:47 UTC
ETuHz-bUWCY,2022-06-03 03:00:48 UTC
8wLCmDtCDAM,2022-06-09 03:13:07 UTC
mMBzfUj5zsg,2022-06-09 03:13:20 UTC
dwgsbZ1MsAE,2022-06-09 03:13:56 UTC
K0bfiVddlHA,2022-06-09 03:14:31 UTC
9NhOLKcmSZQ,2022-06-09 03:14:39 UTC
LZtHLRmWfDI,2022-06-09 03:15:09 UTC

